domain,query,autosuggestions
google,jewelry,jewelry stores
google,jewelry,jewelry stores fremont
google,jewelry,jewelry stores newark ca
google,jewelry,jewelry repair near me
google,jewelry,jewelry box
google,jewelry,jewelry organizer
google,jewelry,jewelry exchange
google,jewelry,jewelry cleaner
amazon,jewelry,jewelry organizer
amazon,jewelry,jewelry
amazon,jewelry,jewelry box
amazon,jewelry,jewelry cleaner
amazon,jewelry,jewelry for women
amazon,jewelry,jewelry making kit
amazon,jewelry,gold jewelry for women
amazon,jewelry,beads for jewelry making
amazon,jewelry,jewelry boxes for women
amazon,jewelry,septum jewelry
youtube,jewelry,jewelry collection
youtube,jewelry,jewelry unlimited
youtube,jewelry,jewelry making
youtube,jewelry,jewelry
youtube,jewelry,jewelry cleaning
youtube,jewelry,jewelry box
youtube,jewelry,jewelry haul
youtube,jewelry,jewelry business
youtube,jewelry,jewelry store robbery
youtube,jewelry,jewelry bonney
google,kids school,kids school lunch ideas
google,kids school,kids school backpacks
google,kids school,kids school uniforms
google,kids school,kids school desk
google,kids school,kids school shoes
google,kids school,kids school clothes
google,kids school,kids school covid
google,kids school,kids school supplies
amazon,kids school,water bottle for kids school
amazon,kids school,kids school backpack
amazon,kids school,kids school desk
amazon,kids school,kids school supplies
amazon,kids school,ear buds kids school
amazon,kids school,kids school uniforms for girls
amazon,kids school,kids school snacks
amazon,kids school,kids school bag
amazon,kids school,stickers for kids school
amazon,kids school,halloween treats for kids school
youtube,kids school,kids school
youtube,kids school,kids school songs
youtube,kids school,kids school bus
youtube,kids school,kids school lunches
youtube,kids school,kids school videos
youtube,kids school,kids school learning videos
youtube,kids school,kids school lunch ideas
youtube,kids school,kids school music
youtube,kids school,kids school supplies
youtube,kids school,kids school bus mysteriously disappears
google,search engine optimization,search engine optimization definition
google,search engine optimization,search engine optimization techniques
google,search engine optimization,search engine optimization google
google,search engine optimization,search engine optimization specialist
google,search engine optimization,search engine optimization meaning
google,search engine optimization,search engine optimization jobs
google,search engine optimization,search engine optimization for small businesses
google,search engine optimization,search engine optimization course
amazon,search engine optimization,search engine optimization
amazon,search engine optimization,search engine optimization for dummies
amazon,search engine optimization,search engine optimization all-in-one for dummies
amazon,search engine optimization,search engine optimization an hour a day
youtube,search engine optimization,search engine optimization
youtube,search engine optimization,search engine optimization tutorial for beginners
youtube,search engine optimization,search engine optimization youtube
youtube,search engine optimization,search engine optimization course
youtube,search engine optimization,search engine optimization tutorial
youtube,search engine optimization,search engine optimization shopify
youtube,search engine optimization,search engine optimization 2021
youtube,search engine optimization,search engine optimization for youtube channel
youtube,search engine optimization,search engine optimization (seo)
youtube,search engine optimization,search engine optimization wordpress
